[{"Pressed": "'h'"}, {"Held": "'h'"}, {"Released": "'h'"}, {"Pressed": "'e'"}, {"Held": "'e'"}, {"Released": "'e'"}, {"Pressed": "'l'"}, {"Held": "'l'"}, {"Released": "'l'"}, {"Pressed": "'l'"}, {"Held": "'l'"}, {"Released": "'l'"}, {"Pressed": "'o'"}, {"Held": "'o'"}, {"Released": "'o'"}, {"Pressed": "'h'"}, {"Held": "'h'"}, {"Released": "'h'"}, {"Pressed": "'h'"}, {"Held": "'h'"}, {"Released": "'h'"}, {"Pressed": "'h'"}, {"Held": "'h'"}, {"Released": "'h'"}, {"Pressed": "'h'"}, {"Held": "'h'"}, {"Released": "'h'"}, {"Pressed": "'h'"}, {"Held": "'h'"}, {"Released": "'h'"}, {"Pressed": "'h'"}, {"Held": "'h'"}, {"Released": "'h'"}, {"Pressed": "'t'"}, {"Held": "'t'"}, {"Released": "'t'"}, {"Pressed": "'h'"}, {"Held": "'h'"}, {"Released": "'h'"}, {"Pressed": "'i'"}, {"Held": "'i'"}, {"Released": "'i'"}, {"Pressed": "'r'"}, {"Held": "'r'"}, {"Released": "'r'"}, {"Pressed": "'u'"}, {"Held": "'u'"}, {"Released": "'u'"}, {"Pressed": "'m'"}, {"Held": "'m'"}, {"Released": "'m'"}, {"Pressed": "'u'"}, {"Held": "'u'"}, {"Released": "'u'"}, {"Pressed": "'r'"}, {"Held": "'r'"}, {"Released": "'r'"}, {"Pressed": "'g'"}, {"Held": "'g'"}, {"Released": "'g'"}, {"Pressed": "'a'"}, {"Held": "'a'"}, {"Released": "'a'"}, {"Pressed": "'n'"}, {"Held": "'n'"}, {"Released": "'n'"}, {"Pressed": "Key.space"}, {"Held": "Key.space"}, {"Released": "Key.space"}, {"Pressed": "'k'"}, {"Held": "'k'"}, {"Released": "'k'"}]